Transaction ID,Customer ID,Gender,Age,Product Category,Quantity,Price per Unit,Total Amount,Year,Month,Day
1,CUST001,Male,34,Beauty,3,50,150,2023,November,Friday
2,CUST002,Female,26,Clothing,2,500,1000,2023,February,Monday
3,CUST003,Male,50,Electronics,1,30,30,2023,January,Friday
4,CUST004,Male,37,Clothing,1,500,500,2023,May,Sunday
5,CUST005,Male,30,Beauty,2,50,100,2023,May,Saturday
6,CUST006,Female,45,Beauty,1,30,30,2023,April,Tuesday
7,CUST007,Male,46,Clothing,2,25,50,2023,March,Monday
8,CUST008,Male,30,Electronics,4,25,100,2023,February,Wednesday
9,CUST009,Male,63,Electronics,2,300,600,2023,December,Wednesday
10,CUST010,Female,52,Clothing,4,50,200,2023,October,Saturday
11,CUST011,Male,23,Clothing,2,50,100,2023,February,Tuesday
12,CUST012,Male,35,Beauty,3,25,75,2023,October,Monday
13,CUST013,Male,22,Electronics,3,500,1500,2023,August,Saturday
14,CUST014,Male,64,Clothing,4,30,120,2023,January,Tuesday
15,CUST015,Female,42,Electronics,4,500,2000,2023,January,Monday
16,CUST016,Male,19,Clothing,3,500,1500,2023,February,Friday
17,CUST017,Female,27,Clothing,4,25,100,2023,April,Saturday
18,CUST018,Female,47,Electronics,2,25,50,2023,April,Sunday
19,CUST019,Female,62,Clothing,2,25,50,2023,September,Saturday
20,CUST020,Male,22,Clothing,3,300,900,2023,November,Sunday
21,CUST021,Female,50,Beauty,1,500,500,2023,January,Saturday
22,CUST022,Male,18,Clothing,2,50,100,2023,October,Sunday
23,CUST023,Female,35,Clothing,4,30,120,2023,April,Wednesday
24,CUST024,Female,49,Clothing,1,300,300,2023,November,Wednesday
25,CUST025,Female,64,Beauty,1,50,50,2023,December,Tuesday
26,CUST026,Female,28,Electronics,2,500,1000,2023,October,Saturday
27,CUST027,Female,38,Beauty,2,25,50,2023,August,Thursday
28,CUST028,Female,43,Beauty,1,500,500,2023,April,Sunday
29,CUST029,Female,42,Electronics,1,30,30,2023,August,Friday
30,CUST030,Female,39,Beauty,3,300,900,2023,October,Sunday
31,CUST031,Male,44,Electronics,4,300,1200,2023,May,Tuesday
32,CUST032,Male,30,Beauty,3,30,90,2023,January,Wednesday
33,CUST033,Female,50,Electronics,2,50,100,2023,March,Thursday
34,CUST034,Female,51,Clothing,3,50,150,2023,December,Sunday
35,CUST035,Female,58,Beauty,3,300,900,2023,August,Saturday
36,CUST036,Male,52,Beauty,3,300,900,2023,June,Saturday
37,CUST037,Female,18,Beauty,3,25,75,2023,May,Tuesday
38,CUST038,Male,38,Beauty,4,50,200,2023,March,Tuesday
39,CUST039,Male,23,Clothing,4,30,120,2023,April,Friday
40,CUST040,Male,45,Beauty,1,50,50,2023,June,Thursday
41,CUST041,Male,34,Clothing,2,25,50,2023,February,Wednesday
42,CUST042,Male,22,Clothing,3,300,900,2023,February,Friday
43,CUST043,Female,48,Clothing,1,300,300,2023,July,Friday
44,CUST044,Female,22,Clothing,1,25,25,2023,February,Sunday
45,CUST045,Female,55,Electronics,1,30,30,2023,July,Monday
46,CUST046,Female,20,Electronics,4,300,1200,2023,June,Monday
47,CUST047,Female,40,Beauty,3,500,1500,2023,November,Monday
48,CUST048,Male,54,Electronics,3,300,900,2023,May,Tuesday
49,CUST049,Female,54,Electronics,2,500,1000,2023,January,Monday
50,CUST050,Female,27,Beauty,3,25,75,2023,August,Thursday
51,CUST051,Male,27,Beauty,3,25,75,2023,October,Monday
52,CUST052,Female,36,Beauty,1,300,300,2023,March,Sunday
53,CUST053,Male,34,Electronics,2,50,100,2023,July,Thursday
54,CUST054,Female,38,Electronics,3,500,1500,2023,February,Friday
55,CUST055,Male,31,Beauty,4,30,120,2023,October,Tuesday
56,CUST056,Female,26,Clothing,3,300,900,2023,May,Wednesday
57,CUST057,Female,63,Beauty,1,30,30,2023,November,Saturday
58,CUST058,Male,18,Clothing,4,300,1200,2023,November,Monday
59,CUST059,Male,62,Clothing,1,50,50,2023,July,Wednesday
60,CUST060,Male,30,Beauty,3,50,150,2023,October,Monday
61,CUST061,Male,21,Beauty,4,50,200,2023,April,Sunday
62,CUST062,Male,18,Beauty,2,50,100,2023,December,Wednesday
63,CUST063,Male,57,Electronics,2,25,50,2023,February,Sunday
64,CUST064,Male,49,Clothing,4,25,100,2023,January,Tuesday
65,CUST065,Male,51,Electronics,4,500,2000,2023,December,Tuesday
66,CUST066,Female,45,Electronics,1,30,30,2023,April,Thursday
67,CUST067,Female,48,Beauty,4,300,1200,2023,May,Monday
68,CUST068,Male,25,Electronics,1,300,300,2023,February,Friday
69,CUST069,Female,56,Beauty,3,25,75,2023,April,Sunday
70,CUST070,Female,43,Clothing,1,300,300,2023,February,Tuesday
71,CUST071,Female,51,Beauty,4,25,100,2023,July,Friday
72,CUST072,Female,20,Electronics,4,500,2000,2023,May,Tuesday
73,CUST073,Male,29,Electronics,3,30,90,2023,August,Monday
74,CUST074,Female,18,Beauty,4,500,2000,2023,November,Wednesday
75,CUST075,Male,61,Beauty,4,50,200,2023,July,Thursday
76,CUST076,Female,22,Electronics,2,50,100,2023,March,Saturday
77,CUST077,Female,47,Clothing,2,50,100,2023,July,Sunday
78,CUST078,Female,47,Clothing,3,500,1500,2023,July,Saturday
79,CUST079,Male,34,Beauty,1,300,300,2023,April,Tuesday
80,CUST080,Female,64,Clothing,2,30,60,2023,December,Sunday
81,CUST081,Male,40,Electronics,1,50,50,2023,May,Wednesday
82,CUST082,Female,32,Beauty,4,50,200,2023,December,Tuesday
83,CUST083,Male,54,Electronics,2,50,100,2023,December,Saturday
84,CUST084,Female,38,Electronics,3,30,90,2023,November,Tuesday
85,CUST085,Male,31,Clothing,3,50,150,2023,February,Monday
86,CUST086,Male,19,Beauty,3,30,90,2023,November,Wednesday
87,CUST087,Female,28,Beauty,2,50,100,2023,November,Wednesday
88,CUST088,Male,56,Clothing,1,500,500,2023,March,Wednesday
89,CUST089,Female,55,Electronics,4,500,2000,2023,October,Sunday
90,CUST090,Female,51,Electronics,1,30,30,2023,May,Saturday
91,CUST091,Female,55,Electronics,1,500,500,2023,March,Saturday
92,CUST092,Female,51,Electronics,4,30,120,2023,August,Friday
93,CUST093,Female,35,Beauty,4,500,2000,2023,July,Friday
94,CUST094,Female,47,Beauty,2,500,1000,2023,May,Friday
95,CUST095,Female,32,Clothing,2,30,60,2023,November,Friday
96,CUST096,Female,44,Clothing,2,300,600,2023,December,Tuesday
97,CUST097,Female,51,Beauty,2,500,1000,2023,October,Friday
98,CUST098,Female,55,Beauty,2,50,100,2023,April,Sunday
99,CUST099,Female,50,Electronics,4,300,1200,2023,December,Sunday
100,CUST100,Male,41,Electronics,1,30,30,2023,June,Friday
101,CUST101,Male,32,Clothing,2,300,600,2023,January,Sunday
102,CUST102,Female,47,Beauty,2,25,50,2023,April,Friday
103,CUST103,Female,59,Clothing,1,25,25,2023,January,Tuesday
104,CUST104,Female,34,Beauty,2,500,1000,2023,June,Sunday
105,CUST105,Female,22,Electronics,1,500,500,2023,July,Tuesday
106,CUST106,Female,46,Clothing,1,50,50,2023,May,Thursday
107,CUST107,Female,21,Clothing,4,300,1200,2023,February,Friday
108,CUST108,Female,27,Beauty,3,25,75,2023,April,Wednesday
109,CUST109,Female,34,Electronics,4,500,2000,2023,October,Wednesday
110,CUST110,Male,27,Clothing,3,300,900,2023,June,Sunday
111,CUST111,Female,34,Electronics,3,500,1500,2023,April,Wednesday
112,CUST112,Male,37,Clothing,3,500,1500,2023,December,Saturday
113,CUST113,Female,41,Electronics,2,25,50,2023,September,Wednesday
114,CUST114,Female,22,Beauty,4,25,100,2023,July,Saturday
115,CUST115,Male,51,Clothing,3,500,1500,2023,November,Sunday
116,CUST116,Female,23,Clothing,1,30,30,2023,August,Wednesday
117,CUST117,Male,19,Electronics,2,500,1000,2023,March,Wednesday
118,CUST118,Female,30,Electronics,4,500,2000,2023,May,Tuesday
119,CUST119,Female,60,Clothing,3,50,150,2023,March,Monday
120,CUST120,Male,60,Beauty,1,50,50,2023,May,Sunday
121,CUST121,Female,28,Electronics,4,50,200,2023,October,Sunday
122,CUST122,Male,64,Electronics,4,30,120,2023,October,Tuesday
123,CUST123,Female,40,Electronics,2,30,60,2023,May,Monday
124,CUST124,Male,33,Clothing,4,500,2000,2023,October,Friday
125,CUST125,Male,48,Clothing,2,50,100,2023,August,Tuesday
126,CUST126,Female,28,Clothing,3,30,90,2023,October,Thursday
127,CUST127,Female,33,Clothing,2,25,50,2023,July,Monday
128,CUST128,Male,25,Beauty,1,500,500,2023,July,Wednesday
129,CUST129,Female,21,Beauty,2,300,600,2023,April,Sunday
130,CUST130,Female,57,Clothing,1,500,500,2023,March,Sunday
131,CUST131,Female,21,Beauty,2,300,600,2023,September,Monday
132,CUST132,Male,42,Electronics,4,50,200,2023,September,Sunday
133,CUST133,Male,20,Electronics,3,300,900,2023,February,Thursday
134,CUST134,Male,49,Electronics,1,50,50,2023,January,Wednesday
135,CUST135,Male,20,Clothing,2,25,50,2023,February,Sunday
136,CUST136,Male,44,Electronics,2,300,600,2023,March,Monday
137,CUST137,Male,46,Beauty,2,500,1000,2023,November,Saturday
138,CUST138,Male,49,Clothing,4,50,200,2023,March,Thursday
139,CUST139,Male,36,Beauty,4,500,2000,2023,December,Friday
140,CUST140,Male,38,Electronics,1,30,30,2023,August,Saturday
141,CUST141,Female,22,Electronics,1,50,50,2023,November,Thursday
142,CUST142,Male,35,Electronics,4,300,1200,2023,February,Thursday
143,CUST143,Female,45,Clothing,1,50,50,2023,July,Monday
144,CUST144,Female,59,Beauty,3,500,1500,2023,July,Saturday
145,CUST145,Female,39,Clothing,3,25,75,2023,November,Thursday
146,CUST146,Male,38,Clothing,4,50,200,2023,August,Monday
147,CUST147,Male,23,Electronics,1,300,300,2023,September,Thursday
148,CUST148,Male,18,Clothing,2,30,60,2023,May,Tuesday
149,CUST149,Male,22,Clothing,3,25,75,2023,October,Wednesday
150,CUST150,Female,58,Electronics,4,30,120,2023,January,Friday
151,CUST151,Male,29,Clothing,1,50,50,2023,December,Friday
152,CUST152,Male,43,Electronics,4,500,2000,2023,February,Tuesday
153,CUST153,Male,63,Electronics,2,500,1000,2023,December,Saturday
154,CUST154,Male,51,Electronics,3,300,900,2023,October,Monday
155,CUST155,Male,31,Electronics,4,500,2000,2023,May,Wednesday
156,CUST156,Female,43,Clothing,4,25,100,2023,November,Saturday
157,CUST157,Male,62,Electronics,4,500,2000,2023,June,Saturday
158,CUST158,Female,44,Electronics,2,300,600,2023,February,Monday
159,CUST159,Male,26,Clothing,4,50,200,2023,May,Wednesday
160,CUST160,Female,43,Clothing,2,50,100,2023,August,Friday
161,CUST161,Male,64,Beauty,2,500,1000,2023,March,Wednesday
162,CUST162,Male,39,Clothing,2,30,60,2023,August,Monday
163,CUST163,Female,64,Clothing,3,50,150,2023,January,Monday
164,CUST164,Female,47,Beauty,3,500,1500,2023,May,Monday
165,CUST165,Female,60,Clothing,4,300,1200,2023,September,Thursday
166,CUST166,Male,34,Clothing,4,500,2000,2023,April,Sunday
167,CUST167,Female,43,Clothing,3,50,150,2023,September,Sunday
168,CUST168,Male,53,Clothing,1,300,300,2023,February,Friday
169,CUST169,Male,18,Beauty,3,500,1500,2023,November,Friday
170,CUST170,Female,25,Clothing,2,25,50,2023,June,Friday
171,CUST171,Female,52,Clothing,3,300,900,2023,November,Friday
172,CUST172,Male,32,Beauty,2,25,50,2023,September,Sunday
173,CUST173,Male,64,Electronics,4,30,120,2023,November,Wednesday
174,CUST174,Female,39,Beauty,1,300,300,2023,April,Wednesday
175,CUST175,Female,31,Electronics,4,25,100,2023,March,Monday
176,CUST176,Female,43,Beauty,2,50,100,2023,July,Tuesday
177,CUST177,Male,45,Beauty,2,50,100,2023,March,Friday
178,CUST178,Male,40,Clothing,2,30,60,2023,October,Wednesday
179,CUST179,Male,31,Electronics,1,300,300,2023,September,Friday
180,CUST180,Male,41,Clothing,3,300,900,2023,January,Sunday
181,CUST181,Male,19,Electronics,4,300,1200,2023,November,Friday
182,CUST182,Male,62,Beauty,4,30,120,2023,June,Thursday
183,CUST183,Female,43,Beauty,3,300,900,2023,September,Friday
184,CUST184,Male,31,Electronics,4,50,200,2023,January,Tuesday
185,CUST185,Male,24,Clothing,1,25,25,2023,February,Monday
186,CUST186,Male,20,Clothing,4,50,200,2023,July,Wednesday
187,CUST187,Female,64,Clothing,2,50,100,2023,June,Wednesday
188,CUST188,Male,40,Clothing,3,25,75,2023,May,Wednesday
189,CUST189,Male,63,Beauty,1,50,50,2023,January,Monday
190,CUST190,Female,60,Beauty,3,30,90,2023,May,Thursday
191,CUST191,Male,64,Beauty,1,25,25,2023,October,Wednesday
192,CUST192,Male,62,Beauty,2,50,100,2023,February,Friday
193,CUST193,Male,35,Beauty,3,500,1500,2023,February,Monday
194,CUST194,Male,55,Clothing,4,50,200,2023,September,Wednesday
195,CUST195,Male,52,Clothing,1,30,30,2023,February,Sunday
196,CUST196,Female,32,Clothing,3,300,900,2023,September,Saturday
197,CUST197,Female,42,Clothing,4,50,200,2023,March,Monday
198,CUST198,Female,54,Beauty,3,300,900,2023,March,Tuesday
199,CUST199,Male,45,Beauty,3,500,1500,2023,December,Monday
200,CUST200,Male,27,Beauty,3,50,150,2023,September,Friday
201,CUST201,Male,56,Electronics,1,25,25,2023,October,Monday
202,CUST202,Female,34,Clothing,4,300,1200,2023,March,Sunday
203,CUST203,Male,56,Clothing,2,500,1000,2023,May,Tuesday
204,CUST204,Male,39,Beauty,1,25,25,2023,September,Thursday
205,CUST205,Female,43,Clothing,1,25,25,2023,November,Tuesday
206,CUST206,Male,61,Clothing,1,25,25,2023,August,Saturday
207,CUST207,Female,42,Beauty,2,25,50,2023,April,Wednesday
208,CUST208,Female,34,Electronics,4,50,200,2023,October,Wednesday
209,CUST209,Female,30,Electronics,4,50,200,2023,December,Wednesday
210,CUST210,Male,37,Electronics,4,50,200,2023,April,Thursday
211,CUST211,Male,42,Beauty,3,500,1500,2024,January,Monday
212,CUST212,Male,21,Clothing,3,500,1500,2023,June,Friday
213,CUST213,Male,27,Beauty,3,500,1500,2023,July,Monday
214,CUST214,Male,20,Beauty,2,30,60,2023,December,Sunday
215,CUST215,Male,58,Clothing,3,500,1500,2023,November,Wednesday
216,CUST216,Male,62,Electronics,2,50,100,2023,July,Tuesday
217,CUST217,Female,35,Electronics,4,50,200,2023,August,Sunday
218,CUST218,Male,64,Beauty,3,30,90,2023,September,Friday
219,CUST219,Female,53,Electronics,3,30,90,2023,August,Sunday
220,CUST220,Male,64,Beauty,1,500,500,2023,March,Friday
221,CUST221,Male,39,Beauty,2,300,600,2023,May,Sunday
222,CUST222,Male,51,Clothing,4,30,120,2023,April,Wednesday
223,CUST223,Female,64,Clothing,1,25,25,2023,February,Thursday
224,CUST224,Female,25,Clothing,1,50,50,2023,June,Friday
225,CUST225,Female,57,Beauty,4,25,100,2023,January,Wednesday
226,CUST226,Female,61,Clothing,1,50,50,2023,October,Sunday
227,CUST227,Male,36,Electronics,2,50,100,2023,October,Wednesday
228,CUST228,Female,59,Electronics,2,30,60,2023,April,Friday
229,CUST229,Male,58,Beauty,3,30,90,2023,October,Sunday
230,CUST230,Male,54,Beauty,1,25,25,2023,April,Sunday
231,CUST231,Female,23,Clothing,3,50,150,2023,January,Wednesday
232,CUST232,Female,43,Beauty,1,25,25,2023,February,Monday
233,CUST233,Female,51,Beauty,2,300,600,2023,December,Friday
234,CUST234,Female,62,Electronics,2,25,50,2023,November,Monday
235,CUST235,Female,23,Electronics,2,500,1000,2023,January,Tuesday
236,CUST236,Female,54,Clothing,1,25,25,2023,April,Friday
237,CUST237,Female,50,Beauty,2,500,1000,2023,February,Saturday
238,CUST238,Female,39,Beauty,1,500,500,2023,January,Tuesday
239,CUST239,Male,38,Electronics,3,500,1500,2023,June,Monday
240,CUST240,Female,23,Beauty,1,300,300,2023,February,Monday
241,CUST241,Female,23,Electronics,3,25,75,2023,September,Thursday
242,CUST242,Male,21,Clothing,1,25,25,2023,May,Tuesday
243,CUST243,Female,47,Electronics,3,300,900,2023,May,Tuesday
244,CUST244,Male,28,Beauty,2,50,100,2023,December,Saturday
245,CUST245,Male,47,Clothing,3,30,90,2023,September,Wednesday
246,CUST246,Female,48,Electronics,2,25,50,2023,April,Thursday
247,CUST247,Male,41,Electronics,2,30,60,2023,October,Wednesday
248,CUST248,Male,26,Clothing,3,300,900,2023,March,Thursday
249,CUST249,Male,20,Clothing,1,50,50,2023,October,Friday
250,CUST250,Male,48,Electronics,1,50,50,2023,October,Monday
251,CUST251,Female,57,Beauty,4,50,200,2023,August,Thursday
252,CUST252,Male,54,Electronics,1,300,300,2023,May,Friday
253,CUST253,Female,53,Clothing,4,500,2000,2023,August,Thursday
254,CUST254,Male,41,Electronics,1,500,500,2023,July,Friday
255,CUST255,Male,48,Clothing,1,30,30,2023,April,Saturday
256,CUST256,Male,23,Clothing,2,500,1000,2023,February,Saturday
257,CUST257,Male,19,Beauty,4,500,2000,2023,February,Sunday
258,CUST258,Female,37,Clothing,1,50,50,2023,December,Monday
259,CUST259,Female,45,Clothing,4,50,200,2023,August,Wednesday
260,CUST260,Male,28,Beauty,2,30,60,2023,July,Saturday
261,CUST261,Male,21,Clothing,2,25,50,2023,August,Saturday
262,CUST262,Female,32,Beauty,4,30,120,2023,July,Sunday
263,CUST263,Male,23,Beauty,2,30,60,2023,August,Monday
264,CUST264,Male,47,Clothing,3,300,900,2023,January,Saturday
265,CUST265,Male,55,Clothing,3,300,900,2023,December,Monday
266,CUST266,Female,19,Electronics,2,30,60,2023,December,Friday
267,CUST267,Female,32,Beauty,3,30,90,2023,November,Monday
268,CUST268,Female,28,Electronics,1,30,30,2023,February,Monday
269,CUST269,Male,25,Clothing,4,500,2000,2023,February,Wednesday
270,CUST270,Male,43,Electronics,1,300,300,2023,July,Wednesday
271,CUST271,Female,62,Beauty,4,30,120,2023,June,Friday
272,CUST272,Female,61,Electronics,2,50,100,2023,February,Saturday
273,CUST273,Female,22,Beauty,1,50,50,2023,May,Monday
274,CUST274,Female,23,Clothing,2,500,1000,2023,April,Sunday
275,CUST275,Male,43,Clothing,2,500,1000,2023,April,Saturday
276,CUST276,Female,21,Beauty,4,25,100,2023,October,Monday
277,CUST277,Male,36,Clothing,4,25,100,2023,August,Friday
278,CUST278,Female,37,Clothing,4,25,100,2023,March,Monday
279,CUST279,Male,50,Clothing,1,500,500,2023,August,Saturday
280,CUST280,Female,37,Clothing,3,500,1500,2023,April,Tuesday
281,CUST281,Female,29,Beauty,4,500,2000,2023,May,Tuesday
282,CUST282,Female,64,Electronics,4,50,200,2023,August,Friday
283,CUST283,Female,18,Electronics,1,500,500,2023,May,Monday
284,CUST284,Male,43,Clothing,4,50,200,2023,February,Wednesday
285,CUST285,Female,31,Electronics,1,25,25,2023,August,Tuesday
286,CUST286,Male,55,Electronics,2,25,50,2023,October,Monday
287,CUST287,Male,54,Clothing,4,25,100,2023,February,Monday
288,CUST288,Male,28,Clothing,4,30,120,2023,January,Thursday
289,CUST289,Male,53,Electronics,2,30,60,2023,November,Thursday
290,CUST290,Female,30,Beauty,2,300,600,2023,October,Wednesday
291,CUST291,Male,60,Clothing,2,300,600,2023,January,Sunday
292,CUST292,Male,20,Beauty,4,300,1200,2023,February,Friday
293,CUST293,Male,50,Electronics,3,30,90,2023,May,Tuesday
294,CUST294,Female,23,Clothing,3,30,90,2023,March,Monday
295,CUST295,Female,27,Beauty,3,300,900,2023,July,Friday
296,CUST296,Female,22,Clothing,4,300,1200,2023,September,Wednesday
297,CUST297,Female,40,Electronics,2,500,1000,2023,September,Monday
298,CUST298,Male,27,Beauty,4,300,1200,2023,April,Thursday
299,CUST299,Male,61,Electronics,2,500,1000,2023,July,Tuesday
300,CUST300,Female,19,Electronics,4,50,200,2023,January,Tuesday
301,CUST301,Male,30,Clothing,4,30,120,2023,March,Sunday
302,CUST302,Male,57,Beauty,2,300,600,2023,July,Friday
303,CUST303,Male,19,Electronics,3,30,90,2023,January,Monday
304,CUST304,Female,37,Electronics,2,30,60,2023,July,Wednesday
305,CUST305,Female,18,Beauty,1,30,30,2023,May,Tuesday
306,CUST306,Male,54,Electronics,1,50,50,2023,August,Monday
307,CUST307,Female,26,Electronics,2,25,50,2023,May,Saturday
308,CUST308,Female,34,Beauty,4,300,1200,2023,August,Saturday
309,CUST309,Female,26,Beauty,1,25,25,2023,December,Saturday
310,CUST310,Female,28,Beauty,1,25,25,2023,October,Thursday
311,CUST311,Female,32,Beauty,4,25,100,2023,December,Tuesday
312,CUST312,Male,41,Clothing,4,30,120,2023,September,Thursday
313,CUST313,Female,55,Beauty,3,500,1500,2023,March,Tuesday
314,CUST314,Male,52,Clothing,4,30,120,2023,April,Saturday
315,CUST315,Male,47,Clothing,2,30,60,2023,June,Thursday
316,CUST316,Female,48,Clothing,2,25,50,2023,April,Saturday
317,CUST317,Male,22,Electronics,3,30,90,2023,January,Monday
318,CUST318,Male,61,Clothing,1,25,25,2023,October,Tuesday
319,CUST319,Male,31,Clothing,1,500,500,2023,October,Thursday
320,CUST320,Female,28,Electronics,4,300,1200,2023,February,Wednesday
321,CUST321,Female,26,Electronics,2,25,50,2023,June,Saturday
322,CUST322,Male,51,Electronics,1,500,500,2023,January,Monday
323,CUST323,Female,29,Beauty,3,300,900,2023,January,Thursday
324,CUST324,Female,52,Electronics,3,50,150,2023,October,Friday
325,CUST325,Female,52,Electronics,2,25,50,2023,September,Saturday
326,CUST326,Female,18,Clothing,3,25,75,2023,September,Friday
327,CUST327,Male,57,Electronics,3,50,150,2023,September,Friday
328,CUST328,Male,39,Beauty,2,50,100,2023,March,Wednesday
329,CUST329,Female,46,Electronics,4,25,100,2023,January,Monday
330,CUST330,Female,25,Beauty,4,50,200,2023,September,Monday
331,CUST331,Male,28,Electronics,3,30,90,2023,February,Saturday
332,CUST332,Male,58,Electronics,4,300,1200,2023,April,Thursday
333,CUST333,Female,54,Electronics,4,300,1200,2023,February,Sunday
334,CUST334,Male,31,Electronics,3,300,900,2023,November,Wednesday
335,CUST335,Female,47,Beauty,4,30,120,2023,February,Saturday
336,CUST336,Female,52,Beauty,3,50,150,2023,December,Tuesday
337,CUST337,Male,38,Clothing,1,500,500,2023,May,Monday
338,CUST338,Male,54,Beauty,2,50,100,2023,July,Wednesday
339,CUST339,Female,22,Electronics,2,25,50,2023,March,Friday
340,CUST340,Female,36,Clothing,4,300,1200,2023,October,Thursday
341,CUST341,Male,31,Clothing,4,50,200,2023,May,Sunday
342,CUST342,Female,43,Clothing,4,500,2000,2023,October,Tuesday
343,CUST343,Male,21,Electronics,2,25,50,2023,November,Wednesday
344,CUST344,Female,42,Beauty,1,30,30,2023,January,Saturday
345,CUST345,Male,62,Electronics,1,30,30,2023,November,Tuesday
346,CUST346,Male,59,Clothing,2,500,1000,2023,February,Saturday
347,CUST347,Male,42,Electronics,1,25,25,2023,August,Thursday
348,CUST348,Female,35,Electronics,2,300,600,2023,December,Sunday
349,CUST349,Female,57,Beauty,1,50,50,2023,October,Thursday
350,CUST350,Male,25,Beauty,3,25,75,2023,October,Tuesday
351,CUST351,Female,56,Clothing,3,30,90,2023,September,Monday
352,CUST352,Male,57,Electronics,2,500,1000,2023,June,Sunday
353,CUST353,Male,31,Electronics,1,500,500,2023,May,Sunday
354,CUST354,Female,49,Beauty,4,50,200,2023,April,Saturday
355,CUST355,Female,55,Electronics,1,500,500,2023,December,Saturday
356,CUST356,Male,50,Electronics,3,500,1500,2023,June,Saturday
357,CUST357,Female,40,Electronics,3,25,75,2023,May,Wednesday
358,CUST358,Female,32,Beauty,1,300,300,2023,May,Tuesday
359,CUST359,Male,50,Clothing,1,50,50,2023,July,Saturday
360,CUST360,Male,42,Clothing,4,25,100,2023,March,Thursday
361,CUST361,Female,34,Electronics,4,300,1200,2023,December,Sunday
362,CUST362,Male,50,Clothing,1,25,25,2023,November,Monday
363,CUST363,Male,64,Beauty,1,25,25,2023,June,Saturday
364,CUST364,Female,19,Beauty,1,500,500,2023,August,Wednesday
365,CUST365,Male,31,Clothing,1,300,300,2023,June,Sunday
366,CUST366,Male,57,Clothing,2,50,100,2023,February,Tuesday
367,CUST367,Female,57,Electronics,1,50,50,2023,January,Thursday
368,CUST368,Female,56,Clothing,4,300,1200,2023,August,Wednesday
369,CUST369,Male,23,Electronics,3,500,1500,2023,November,Wednesday
370,CUST370,Male,23,Electronics,2,30,60,2023,October,Monday
371,CUST371,Female,20,Beauty,1,25,25,2023,February,Tuesday
372,CUST372,Female,24,Beauty,3,500,1500,2023,February,Tuesday
373,CUST373,Female,25,Beauty,2,300,600,2023,October,Tuesday
374,CUST374,Female,59,Beauty,3,25,75,2023,April,Thursday
375,CUST375,Male,32,Clothing,1,50,50,2023,September,Sunday
376,CUST376,Female,64,Beauty,1,30,30,2023,May,Tuesday
377,CUST377,Female,46,Clothing,4,50,200,2023,March,Thursday
378,CUST378,Male,50,Beauty,1,300,300,2023,June,Wednesday
379,CUST379,Female,47,Clothing,1,25,25,2023,February,Sunday
380,CUST380,Male,56,Electronics,2,300,600,2023,May,Saturday
381,CUST381,Female,44,Clothing,4,25,100,2023,July,Sunday
382,CUST382,Female,53,Clothing,2,500,1000,2023,May,Friday
383,CUST383,Female,46,Beauty,3,30,90,2023,March,Wednesday
384,CUST384,Male,55,Clothing,1,500,500,2023,August,Sunday
385,CUST385,Male,50,Electronics,3,500,1500,2023,October,Friday
386,CUST386,Female,54,Electronics,2,300,600,2023,December,Wednesday
387,CUST387,Male,44,Beauty,1,30,30,2023,June,Sunday
388,CUST388,Male,50,Electronics,1,25,25,2023,November,Friday
389,CUST389,Male,21,Clothing,2,25,50,2023,December,Friday
390,CUST390,Male,39,Electronics,2,50,100,2023,September,Thursday
391,CUST391,Male,19,Beauty,2,25,50,2023,January,Thursday
392,CUST392,Male,27,Clothing,2,300,600,2023,December,Friday
393,CUST393,Female,22,Beauty,2,500,1000,2023,October,Wednesday
394,CUST394,Female,27,Clothing,1,500,500,2023,June,Saturday
395,CUST395,Male,50,Electronics,2,500,1000,2023,December,Wednesday
396,CUST396,Female,55,Beauty,1,30,30,2023,February,Thursday
397,CUST397,Female,30,Beauty,1,25,25,2023,March,Friday
398,CUST398,Female,48,Clothing,2,300,600,2023,May,Tuesday
399,CUST399,Female,64,Beauty,2,30,60,2023,March,Wednesday
400,CUST400,Male,53,Clothing,4,50,200,2023,February,Friday
401,CUST401,Female,62,Clothing,1,300,300,2023,October,Wednesday
402,CUST402,Female,41,Clothing,2,300,600,2023,March,Tuesday
403,CUST403,Male,32,Clothing,2,300,600,2023,May,Saturday
404,CUST404,Male,46,Electronics,2,500,1000,2023,May,Thursday
405,CUST405,Female,25,Clothing,4,300,1200,2023,November,Monday
406,CUST406,Female,22,Beauty,4,25,100,2023,April,Tuesday
407,CUST407,Female,46,Electronics,3,300,900,2023,June,Sunday
408,CUST408,Female,64,Beauty,1,500,500,2023,April,Saturday
409,CUST409,Female,21,Electronics,3,300,900,2023,December,Monday
410,CUST410,Female,29,Clothing,2,50,100,2023,November,Tuesday
411,CUST411,Male,62,Electronics,4,50,200,2023,May,Tuesday
412,CUST412,Female,19,Electronics,4,500,2000,2023,September,Saturday
413,CUST413,Female,44,Beauty,3,25,75,2023,September,Friday
414,CUST414,Male,48,Beauty,4,25,100,2023,May,Tuesday
415,CUST415,Male,53,Clothing,2,30,60,2023,January,Friday
416,CUST416,Male,53,Electronics,4,500,2000,2023,February,Friday
417,CUST417,Male,43,Electronics,3,300,900,2023,November,Tuesday
418,CUST418,Female,60,Electronics,2,500,1000,2023,August,Saturday
419,CUST419,Female,44,Clothing,3,30,90,2023,May,Monday
420,CUST420,Female,22,Clothing,4,500,2000,2023,January,Monday
421,CUST421,Female,37,Clothing,3,500,1500,2023,January,Monday
422,CUST422,Female,28,Clothing,3,30,90,2023,June,Tuesday
423,CUST423,Female,27,Clothing,1,25,25,2023,March,Wednesday
424,CUST424,Male,57,Beauty,4,300,1200,2023,November,Thursday
425,CUST425,Female,55,Electronics,4,30,120,2023,May,Monday
426,CUST426,Male,23,Electronics,3,50,150,2023,March,Friday
427,CUST427,Male,25,Electronics,1,25,25,2023,August,Tuesday
428,CUST428,Female,40,Electronics,4,50,200,2023,October,Tuesday
429,CUST429,Male,64,Electronics,2,25,50,2023,December,Thursday
430,CUST430,Female,43,Electronics,3,300,900,2023,August,Monday
431,CUST431,Male,63,Electronics,4,300,1200,2023,October,Sunday
432,CUST432,Female,60,Electronics,2,500,1000,2023,January,Thursday
433,CUST433,Male,29,Beauty,4,50,200,2023,February,Monday
434,CUST434,Female,43,Electronics,2,25,50,2023,February,Wednesday
435,CUST435,Female,30,Beauty,3,300,900,2023,December,Wednesday
436,CUST436,Female,57,Clothing,4,30,120,2023,March,Saturday
437,CUST437,Female,35,Electronics,4,300,1200,2023,October,Saturday
438,CUST438,Female,42,Clothing,1,30,30,2023,January,Thursday
439,CUST439,Male,50,Clothing,3,25,75,2023,July,Sunday
440,CUST440,Male,64,Clothing,2,300,600,2023,October,Thursday
441,CUST441,Male,57,Beauty,4,300,1200,2023,October,Tuesday
442,CUST442,Female,60,Clothing,4,25,100,2023,March,Friday
443,CUST443,Male,29,Clothing,2,300,600,2023,August,Wednesday
444,CUST444,Female,61,Clothing,3,30,90,2023,March,Tuesday
445,CUST445,Female,53,Electronics,1,300,300,2023,January,Sunday
446,CUST446,Male,21,Electronics,1,50,50,2023,June,Wednesday
447,CUST447,Male,22,Beauty,4,500,2000,2023,July,Thursday
448,CUST448,Female,54,Beauty,2,30,60,2023,January,Saturday
449,CUST449,Male,25,Electronics,4,50,200,2023,July,Monday
450,CUST450,Female,59,Beauty,2,25,50,2023,April,Tuesday
451,CUST451,Female,45,Electronics,1,30,30,2023,December,Saturday
452,CUST452,Female,48,Clothing,3,500,1500,2023,May,Monday
453,CUST453,Female,26,Clothing,2,500,1000,2023,December,Friday
454,CUST454,Female,46,Beauty,1,25,25,2023,February,Wednesday
455,CUST455,Male,31,Electronics,4,25,100,2023,July,Saturday
456,CUST456,Male,57,Electronics,2,30,60,2023,October,Saturday
457,CUST457,Female,58,Beauty,3,300,900,2023,July,Friday
458,CUST458,Female,39,Electronics,4,25,100,2023,November,Tuesday
459,CUST459,Male,28,Clothing,4,300,1200,2023,March,Tuesday
460,CUST460,Male,40,Beauty,1,50,50,2023,May,Tuesday
461,CUST461,Female,18,Beauty,2,500,1000,2023,March,Saturday
462,CUST462,Male,63,Electronics,4,300,1200,2023,April,Saturday
463,CUST463,Female,54,Beauty,3,500,1500,2023,July,Monday
464,CUST464,Male,38,Electronics,2,300,600,2023,January,Friday
465,CUST465,Female,43,Electronics,3,50,150,2023,April,Sunday
466,CUST466,Male,63,Electronics,4,25,100,2023,June,Tuesday
467,CUST467,Female,53,Electronics,3,50,150,2023,July,Sunday
468,CUST468,Male,40,Electronics,1,25,25,2023,December,Saturday
469,CUST469,Male,18,Beauty,3,25,75,2023,May,Monday
470,CUST470,Female,57,Clothing,2,500,1000,2023,May,Wednesday
471,CUST471,Male,32,Clothing,3,50,150,2023,March,Thursday
472,CUST472,Female,38,Beauty,3,300,900,2023,December,Tuesday
473,CUST473,Male,64,Beauty,1,50,50,2023,February,Saturday
474,CUST474,Female,26,Clothing,3,500,1500,2023,July,Saturday
475,CUST475,Male,26,Clothing,3,25,75,2023,January,Friday
476,CUST476,Female,27,Clothing,4,500,2000,2023,August,Tuesday
477,CUST477,Male,43,Clothing,4,30,120,2023,April,Monday
478,CUST478,Female,58,Clothing,2,30,60,2023,April,Thursday
479,CUST479,Male,52,Electronics,4,300,1200,2023,August,Thursday
480,CUST480,Female,42,Beauty,4,500,2000,2023,June,Thursday
481,CUST481,Female,43,Electronics,4,300,1200,2023,June,Tuesday
482,CUST482,Female,28,Clothing,4,300,1200,2023,April,Thursday
483,CUST483,Male,55,Clothing,1,30,30,2023,April,Tuesday
484,CUST484,Female,19,Clothing,4,300,1200,2023,January,Friday
485,CUST485,Male,24,Electronics,1,30,30,2023,December,Monday
486,CUST486,Female,35,Electronics,1,25,25,2023,April,Sunday
487,CUST487,Male,44,Clothing,4,500,2000,2023,July,Monday
488,CUST488,Female,51,Electronics,3,300,900,2023,June,Sunday
489,CUST489,Male,44,Electronics,1,30,30,2023,May,Tuesday
490,CUST490,Male,34,Clothing,3,50,150,2023,February,Sunday
491,CUST491,Female,60,Electronics,3,300,900,2023,May,Tuesday
492,CUST492,Male,61,Beauty,4,25,100,2023,June,Thursday
493,CUST493,Male,41,Beauty,2,25,50,2023,November,Saturday
494,CUST494,Female,42,Beauty,4,50,200,2023,September,Monday
495,CUST495,Male,24,Beauty,2,30,60,2023,July,Monday
496,CUST496,Male,23,Clothing,2,300,600,2023,December,Thursday
497,CUST497,Male,41,Clothing,4,30,120,2023,October,Monday
498,CUST498,Female,50,Clothing,4,25,100,2023,June,Monday
499,CUST499,Male,46,Beauty,2,30,60,2023,January,Sunday
500,CUST500,Female,60,Beauty,4,25,100,2023,March,Wednesday
501,CUST501,Male,39,Electronics,2,30,60,2023,May,Sunday
502,CUST502,Male,43,Electronics,3,50,150,2023,April,Sunday
503,CUST503,Male,45,Beauty,4,500,2000,2023,October,Wednesday
504,CUST504,Female,38,Beauty,3,50,150,2023,May,Tuesday
505,CUST505,Male,24,Beauty,1,50,50,2023,January,Friday
506,CUST506,Male,34,Beauty,3,500,1500,2023,February,Saturday
507,CUST507,Female,37,Electronics,3,500,1500,2023,November,Thursday
508,CUST508,Male,58,Beauty,2,300,600,2023,August,Friday
509,CUST509,Female,37,Electronics,3,300,900,2023,June,Monday
510,CUST510,Female,39,Beauty,4,50,200,2023,June,Saturday
511,CUST511,Male,45,Beauty,2,50,100,2023,August,Saturday
512,CUST512,Female,57,Beauty,1,25,25,2023,November,Tuesday
513,CUST513,Male,24,Electronics,4,25,100,2023,September,Tuesday
514,CUST514,Female,18,Electronics,1,300,300,2023,March,Wednesday
515,CUST515,Female,49,Clothing,3,300,900,2023,July,Monday
516,CUST516,Male,30,Beauty,4,25,100,2023,October,Monday
517,CUST517,Female,47,Clothing,4,25,100,2023,April,Saturday
518,CUST518,Female,40,Clothing,1,30,30,2023,May,Thursday
519,CUST519,Female,36,Electronics,4,30,120,2023,January,Monday
520,CUST520,Female,49,Electronics,4,25,100,2023,December,Friday
521,CUST521,Female,47,Clothing,4,30,120,2023,August,Saturday
522,CUST522,Male,46,Beauty,3,500,1500,2023,January,Sunday
523,CUST523,Female,62,Electronics,1,300,300,2023,September,Sunday
524,CUST524,Male,46,Beauty,4,300,1200,2023,October,Tuesday
525,CUST525,Female,47,Beauty,2,25,50,2023,December,Monday
526,CUST526,Male,33,Clothing,2,50,100,2023,December,Sunday
527,CUST527,Male,57,Clothing,2,25,50,2023,April,Tuesday
528,CUST528,Female,36,Clothing,2,30,60,2023,July,Thursday
529,CUST529,Female,35,Clothing,3,50,150,2023,August,Wednesday
530,CUST530,Female,18,Electronics,4,30,120,2023,February,Sunday
531,CUST531,Male,31,Electronics,1,500,500,2023,December,Thursday
532,CUST532,Female,64,Clothing,4,30,120,2023,June,Monday
533,CUST533,Male,19,Electronics,3,500,1500,2023,November,Thursday
534,CUST534,Male,45,Clothing,2,500,1000,2023,June,Saturday
535,CUST535,Male,47,Beauty,3,30,90,2023,December,Wednesday
536,CUST536,Female,55,Beauty,4,30,120,2023,March,Sunday
537,CUST537,Female,21,Beauty,1,500,500,2023,June,Saturday
538,CUST538,Male,18,Clothing,3,50,150,2023,September,Sunday
539,CUST539,Male,25,Beauty,1,500,500,2023,June,Thursday
540,CUST540,Female,46,Electronics,3,300,900,2023,December,Friday
541,CUST541,Male,56,Beauty,1,500,500,2023,July,Saturday
542,CUST542,Female,20,Beauty,1,50,50,2023,June,Saturday
543,CUST543,Male,49,Beauty,2,300,600,2023,July,Wednesday
544,CUST544,Female,27,Electronics,1,25,25,2023,December,Saturday
545,CUST545,Male,27,Clothing,2,25,50,2023,June,Thursday
546,CUST546,Female,36,Electronics,4,50,200,2023,October,Wednesday
547,CUST547,Male,63,Clothing,4,500,2000,2023,March,Tuesday
548,CUST548,Female,51,Clothing,2,30,60,2023,April,Sunday
549,CUST549,Female,50,Beauty,2,50,100,2023,August,Friday
550,CUST550,Male,40,Clothing,3,300,900,2023,December,Thursday
551,CUST551,Male,45,Electronics,3,300,900,2023,July,Friday
552,CUST552,Female,49,Electronics,3,25,75,2023,December,Wednesday
553,CUST553,Male,24,Clothing,4,300,1200,2023,March,Friday
554,CUST554,Female,46,Beauty,3,50,150,2023,November,Sunday
555,CUST555,Male,25,Beauty,1,300,300,2023,October,Thursday
556,CUST556,Female,18,Electronics,1,50,50,2023,June,Sunday
557,CUST557,Female,20,Beauty,3,30,90,2023,July,Thursday
558,CUST558,Female,41,Clothing,1,25,25,2023,October,Sunday
559,CUST559,Female,40,Clothing,4,300,1200,2023,January,Sunday
560,CUST560,Female,25,Electronics,1,50,50,2023,June,Monday
561,CUST561,Female,64,Clothing,4,500,2000,2023,May,Saturday
562,CUST562,Male,54,Electronics,2,25,50,2023,April,Tuesday
563,CUST563,Male,20,Clothing,2,30,60,2023,August,Wednesday
564,CUST564,Male,50,Electronics,2,50,100,2023,October,Tuesday
565,CUST565,Female,45,Beauty,2,30,60,2023,November,Tuesday
566,CUST566,Female,64,Clothing,1,30,30,2023,December,Saturday
567,CUST567,Female,25,Clothing,3,300,900,2023,June,Wednesday
568,CUST568,Female,51,Electronics,1,300,300,2023,August,Sunday
569,CUST569,Male,52,Electronics,4,50,200,2023,August,Tuesday
570,CUST570,Male,49,Clothing,1,500,500,2023,August,Tuesday
571,CUST571,Female,41,Electronics,1,50,50,2023,December,Tuesday
572,CUST572,Male,31,Clothing,4,500,2000,2023,April,Thursday
573,CUST573,Male,49,Beauty,2,30,60,2023,September,Tuesday
574,CUST574,Female,63,Electronics,2,25,50,2023,August,Thursday
575,CUST575,Male,60,Clothing,2,50,100,2023,March,Tuesday
576,CUST576,Female,33,Beauty,3,50,150,2023,December,Monday
577,CUST577,Male,21,Beauty,4,500,2000,2023,February,Monday
578,CUST578,Female,54,Clothing,4,30,120,2023,May,Friday
579,CUST579,Female,38,Electronics,1,30,30,2023,September,Thursday
580,CUST580,Female,31,Clothing,3,500,1500,2023,December,Wednesday
581,CUST581,Female,48,Beauty,2,30,60,2023,November,Tuesday
582,CUST582,Male,35,Clothing,3,300,900,2023,November,Tuesday
583,CUST583,Female,24,Electronics,4,25,100,2023,June,Wednesday
584,CUST584,Female,27,Beauty,4,50,200,2023,February,Friday
585,CUST585,Female,24,Clothing,1,25,25,2023,May,Monday
586,CUST586,Male,50,Electronics,1,50,50,2023,December,Monday
587,CUST587,Female,40,Beauty,4,300,1200,2023,June,Thursday
588,CUST588,Male,38,Electronics,2,30,60,2023,April,Wednesday
589,CUST589,Female,36,Beauty,2,500,1000,2023,April,Wednesday
590,CUST590,Male,36,Clothing,3,300,900,2023,March,Friday
591,CUST591,Male,53,Electronics,4,25,100,2023,January,Friday
592,CUST592,Female,46,Beauty,4,500,2000,2023,January,Tuesday
593,CUST593,Male,35,Electronics,2,30,60,2023,May,Saturday
594,CUST594,Female,19,Electronics,2,300,600,2023,September,Friday
595,CUST595,Female,18,Clothing,4,500,2000,2023,November,Thursday
596,CUST596,Female,64,Electronics,1,300,300,2023,February,Tuesday
597,CUST597,Male,22,Beauty,4,300,1200,2023,August,Tuesday
598,CUST598,Male,37,Beauty,4,30,120,2023,August,Tuesday
599,CUST599,Female,28,Beauty,2,50,100,2023,November,Sunday
600,CUST600,Female,59,Beauty,2,500,1000,2023,October,Sunday
601,CUST601,Male,19,Clothing,1,30,30,2023,April,Monday
602,CUST602,Female,20,Electronics,1,300,300,2023,December,Saturday
603,CUST603,Female,40,Clothing,3,30,90,2023,July,Sunday
604,CUST604,Female,29,Electronics,4,50,200,2023,September,Monday
605,CUST605,Male,37,Electronics,2,500,1000,2023,July,Monday
606,CUST606,Male,22,Electronics,1,50,50,2023,May,Friday
607,CUST607,Male,54,Clothing,3,25,75,2023,March,Friday
608,CUST608,Female,55,Electronics,3,500,1500,2023,December,Saturday
609,CUST609,Female,47,Clothing,2,50,100,2023,December,Tuesday
610,CUST610,Female,26,Beauty,2,300,600,2023,January,Tuesday
611,CUST611,Male,51,Beauty,3,500,1500,2023,February,Friday
612,CUST612,Female,61,Electronics,1,500,500,2023,August,Sunday
613,CUST613,Female,52,Clothing,3,30,90,2023,April,Sunday
614,CUST614,Female,39,Beauty,4,300,1200,2023,April,Saturday
615,CUST615,Female,61,Clothing,4,25,100,2023,December,Saturday
616,CUST616,Male,41,Clothing,2,50,100,2023,September,Saturday
617,CUST617,Male,34,Electronics,1,30,30,2023,August,Saturday
618,CUST618,Female,27,Beauty,1,50,50,2023,January,Thursday
619,CUST619,Male,47,Electronics,4,25,100,2023,October,Friday
620,CUST620,Male,63,Electronics,3,25,75,2023,May,Monday
621,CUST621,Female,40,Beauty,2,500,1000,2023,March,Saturday
622,CUST622,Female,49,Beauty,3,25,75,2023,August,Tuesday
623,CUST623,Male,34,Clothing,3,50,150,2023,March,Friday
624,CUST624,Female,34,Beauty,3,300,900,2023,August,Saturday
625,CUST625,Male,31,Clothing,1,300,300,2023,December,Friday
626,CUST626,Female,26,Clothing,4,500,2000,2023,September,Friday
627,CUST627,Male,57,Clothing,1,50,50,2023,October,Saturday
628,CUST628,Female,19,Beauty,4,50,200,2023,November,Wednesday
629,CUST629,Male,62,Electronics,2,25,50,2023,June,Monday
630,CUST630,Male,42,Clothing,2,50,100,2023,August,Tuesday
631,CUST631,Male,56,Electronics,3,30,90,2023,November,Friday
632,CUST632,Female,26,Electronics,4,25,100,2023,September,Saturday
633,CUST633,Male,39,Beauty,4,30,120,2023,August,Monday
634,CUST634,Male,60,Electronics,4,500,2000,2023,October,Sunday
635,CUST635,Female,63,Electronics,3,300,900,2023,August,Thursday
636,CUST636,Female,21,Beauty,3,500,1500,2023,March,Thursday
637,CUST637,Male,43,Clothing,2,300,600,2023,September,Friday
638,CUST638,Male,46,Electronics,1,500,500,2023,August,Saturday
639,CUST639,Female,62,Beauty,4,50,200,2023,May,Saturday
640,CUST640,Female,51,Electronics,4,30,120,2023,May,Sunday
641,CUST641,Female,40,Electronics,1,300,300,2023,November,Thursday
642,CUST642,Female,54,Clothing,4,25,100,2023,May,Monday
643,CUST643,Female,28,Electronics,3,30,90,2023,September,Sunday
644,CUST644,Male,23,Beauty,3,25,75,2023,September,Wednesday
645,CUST645,Female,35,Electronics,4,30,120,2023,November,Friday
646,CUST646,Male,38,Clothing,3,30,90,2023,May,Wednesday
647,CUST647,Male,59,Clothing,3,500,1500,2023,May,Sunday
648,CUST648,Male,53,Beauty,4,300,1200,2023,August,Monday
649,CUST649,Female,58,Clothing,2,300,600,2023,February,Thursday
650,CUST650,Male,55,Electronics,1,30,30,2024,January,Monday
651,CUST651,Male,51,Clothing,3,50,150,2023,May,Saturday
652,CUST652,Female,34,Beauty,2,50,100,2023,May,Monday
653,CUST653,Male,54,Clothing,3,25,75,2023,May,Saturday
654,CUST654,Male,42,Clothing,3,25,75,2023,June,Wednesday
655,CUST655,Female,55,Clothing,1,500,500,2023,June,Tuesday
656,CUST656,Male,29,Beauty,3,30,90,2023,October,Wednesday
657,CUST657,Male,40,Clothing,1,25,25,2023,February,Saturday
658,CUST658,Male,59,Clothing,1,25,25,2023,March,Sunday
659,CUST659,Female,39,Electronics,1,30,30,2023,March,Sunday
660,CUST660,Female,38,Beauty,2,500,1000,2023,April,Saturday
661,CUST661,Female,44,Clothing,4,25,100,2023,July,Sunday
662,CUST662,Male,48,Beauty,2,500,1000,2023,December,Friday
663,CUST663,Male,23,Clothing,4,300,1200,2023,March,Monday
664,CUST664,Female,44,Clothing,4,500,2000,2023,December,Thursday
665,CUST665,Male,57,Clothing,1,50,50,2023,April,Thursday
666,CUST666,Male,51,Electronics,3,50,150,2023,February,Thursday
667,CUST667,Female,29,Electronics,1,500,500,2023,August,Tuesday
668,CUST668,Female,62,Electronics,3,50,150,2023,July,Friday
669,CUST669,Male,24,Beauty,4,300,1200,2023,June,Monday
670,CUST670,Male,27,Beauty,1,30,30,2023,October,Thursday
671,CUST671,Male,62,Electronics,3,50,150,2023,August,Sunday
672,CUST672,Female,34,Beauty,2,50,100,2023,August,Tuesday
673,CUST673,Female,43,Clothing,3,500,1500,2023,February,Wednesday
674,CUST674,Female,38,Clothing,1,300,300,2023,April,Sunday
675,CUST675,Female,45,Clothing,2,30,60,2023,August,Friday
676,CUST676,Male,63,Electronics,3,500,1500,2023,July,Wednesday
677,CUST677,Female,19,Beauty,3,500,1500,2023,October,Friday
678,CUST678,Female,60,Electronics,3,300,900,2023,December,Saturday
679,CUST679,Female,18,Beauty,3,30,90,2023,January,Wednesday
680,CUST680,Female,53,Clothing,3,300,900,2023,October,Sunday
681,CUST681,Female,43,Electronics,2,30,60,2023,July,Friday
682,CUST682,Male,46,Beauty,4,300,1200,2023,September,Saturday
683,CUST683,Male,38,Beauty,2,500,1000,2023,January,Wednesday
684,CUST684,Female,28,Clothing,2,500,1000,2023,June,Friday
685,CUST685,Male,57,Electronics,2,25,50,2023,June,Friday
686,CUST686,Female,28,Electronics,4,50,200,2023,July,Wednesday
687,CUST687,Female,53,Electronics,1,300,300,2023,August,Thursday
688,CUST688,Male,56,Clothing,4,25,100,2023,October,Tuesday
689,CUST689,Male,57,Electronics,2,50,100,2023,October,Saturday
690,CUST690,Female,52,Clothing,3,300,900,2023,November,Sunday
691,CUST691,Female,51,Clothing,3,30,90,2023,April,Sunday
692,CUST692,Female,64,Clothing,2,50,100,2023,September,Thursday
693,CUST693,Male,41,Beauty,3,500,1500,2023,April,Sunday
694,CUST694,Female,39,Electronics,2,25,50,2023,May,Saturday
695,CUST695,Female,22,Electronics,3,50,150,2023,August,Saturday
696,CUST696,Female,50,Clothing,4,50,200,2023,September,Wednesday
697,CUST697,Male,53,Clothing,1,500,500,2023,January,Sunday
698,CUST698,Female,64,Electronics,1,300,300,2023,July,Wednesday
699,CUST699,Female,37,Clothing,4,30,120,2023,June,Thursday
700,CUST700,Male,36,Electronics,4,500,2000,2023,December,Saturday
701,CUST701,Female,52,Beauty,2,30,60,2023,December,Thursday
702,CUST702,Female,60,Clothing,2,300,600,2023,July,Thursday
703,CUST703,Male,34,Electronics,2,50,100,2023,March,Sunday
704,CUST704,Female,62,Clothing,3,30,90,2023,August,Monday
705,CUST705,Male,60,Electronics,2,25,50,2023,March,Tuesday
706,CUST706,Male,51,Electronics,4,25,100,2023,November,Wednesday
707,CUST707,Female,26,Clothing,1,500,500,2023,October,Sunday
708,CUST708,Female,43,Beauty,3,300,900,2023,January,Saturday
709,CUST709,Female,19,Electronics,2,500,1000,2023,July,Friday
710,CUST710,Female,26,Electronics,3,500,1500,2023,October,Tuesday
711,CUST711,Male,26,Electronics,3,500,1500,2023,October,Monday
712,CUST712,Female,57,Beauty,2,25,50,2023,December,Wednesday
713,CUST713,Male,34,Beauty,3,25,75,2023,January,Saturday
714,CUST714,Female,18,Clothing,1,500,500,2023,February,Sunday
715,CUST715,Female,42,Beauty,4,25,100,2023,November,Sunday
716,CUST716,Female,60,Clothing,4,300,1200,2023,August,Tuesday
717,CUST717,Male,57,Clothing,1,500,500,2023,March,Saturday
718,CUST718,Female,59,Beauty,3,25,75,2023,August,Friday
719,CUST719,Female,42,Clothing,2,30,60,2023,April,Tuesday
720,CUST720,Female,56,Beauty,3,500,1500,2023,January,Thursday
721,CUST721,Female,52,Clothing,1,500,500,2023,May,Sunday
722,CUST722,Male,20,Beauty,3,300,900,2023,July,Friday
723,CUST723,Female,54,Beauty,4,50,200,2023,June,Saturday
724,CUST724,Male,61,Clothing,3,50,150,2023,April,Wednesday
725,CUST725,Male,61,Electronics,1,300,300,2023,August,Monday
726,CUST726,Male,47,Clothing,4,300,1200,2023,June,Saturday
727,CUST727,Male,55,Beauty,3,300,900,2023,June,Thursday
728,CUST728,Male,51,Electronics,3,50,150,2023,July,Friday
729,CUST729,Male,29,Clothing,4,300,1200,2023,May,Tuesday
730,CUST730,Female,36,Clothing,2,25,50,2023,August,Friday
731,CUST731,Male,54,Clothing,4,500,2000,2023,May,Wednesday
732,CUST732,Male,61,Electronics,2,500,1000,2023,February,Saturday
733,CUST733,Male,34,Beauty,1,30,30,2023,August,Tuesday
734,CUST734,Female,27,Clothing,1,30,30,2023,January,Tuesday
735,CUST735,Female,64,Clothing,4,500,2000,2023,October,Wednesday
736,CUST736,Male,29,Clothing,4,25,100,2023,January,Friday
737,CUST737,Female,33,Clothing,1,50,50,2023,June,Thursday
738,CUST738,Male,41,Clothing,2,50,100,2023,April,Tuesday
739,CUST739,Male,36,Beauty,1,25,25,2023,November,Wednesday
740,CUST740,Female,25,Beauty,4,50,200,2023,February,Sunday
741,CUST741,Male,48,Clothing,1,300,300,2023,November,Thursday
742,CUST742,Female,38,Electronics,4,500,2000,2023,January,Saturday
743,CUST743,Female,34,Beauty,4,500,2000,2023,January,Monday
744,CUST744,Male,40,Electronics,1,25,25,2023,May,Sunday
745,CUST745,Male,54,Beauty,2,50,100,2023,April,Thursday
746,CUST746,Female,33,Clothing,3,30,90,2023,January,Wednesday
747,CUST747,Male,23,Beauty,1,30,30,2023,November,Wednesday
748,CUST748,Male,25,Clothing,3,50,150,2023,March,Monday
749,CUST749,Male,42,Beauty,1,30,30,2023,May,Wednesday
750,CUST750,Female,35,Clothing,3,25,75,2023,March,Monday
751,CUST751,Female,42,Clothing,2,25,50,2023,August,Thursday
752,CUST752,Male,29,Clothing,2,50,100,2023,December,Saturday
753,CUST753,Female,32,Clothing,1,30,30,2023,February,Tuesday
754,CUST754,Female,43,Electronics,4,25,100,2023,October,Monday
755,CUST755,Female,58,Clothing,3,25,75,2023,April,Saturday
756,CUST756,Female,62,Electronics,4,300,1200,2023,August,Sunday
757,CUST757,Female,43,Electronics,4,300,1200,2023,December,Monday
758,CUST758,Male,64,Clothing,4,25,100,2023,May,Friday
759,CUST759,Male,49,Electronics,2,50,100,2023,July,Saturday
760,CUST760,Male,27,Beauty,1,500,500,2023,March,Monday
761,CUST761,Female,33,Clothing,1,500,500,2023,November,Tuesday
762,CUST762,Female,24,Electronics,2,25,50,2023,November,Tuesday
763,CUST763,Male,34,Clothing,2,25,50,2023,February,Tuesday
764,CUST764,Female,40,Clothing,1,25,25,2023,March,Saturday
765,CUST765,Male,43,Clothing,4,50,200,2023,June,Friday
766,CUST766,Male,38,Electronics,3,300,900,2023,February,Saturday
767,CUST767,Male,39,Beauty,3,25,75,2023,October,Tuesday
768,CUST768,Female,24,Beauty,3,25,75,2023,January,Saturday
769,CUST769,Female,31,Electronics,4,30,120,2023,June,Friday
770,CUST770,Male,32,Clothing,1,50,50,2023,October,Sunday
771,CUST771,Male,24,Electronics,2,25,50,2023,December,Wednesday
772,CUST772,Male,26,Electronics,1,30,30,2023,July,Wednesday
773,CUST773,Male,25,Electronics,4,500,2000,2023,July,Sunday
774,CUST774,Female,40,Clothing,2,25,50,2023,April,Wednesday
775,CUST775,Female,46,Electronics,4,25,100,2023,February,Wednesday
776,CUST776,Male,35,Clothing,3,30,90,2023,October,Tuesday
777,CUST777,Male,48,Electronics,3,50,150,2023,December,Wednesday
778,CUST778,Female,47,Beauty,4,25,100,2023,November,Saturday
779,CUST779,Female,56,Electronics,2,500,1000,2023,May,Friday
780,CUST780,Male,52,Electronics,2,25,50,2023,February,Wednesday
781,CUST781,Male,35,Beauty,1,500,500,2023,December,Saturday
782,CUST782,Male,59,Clothing,3,300,900,2023,June,Sunday
783,CUST783,Female,56,Clothing,1,300,300,2023,December,Sunday
784,CUST784,Female,34,Electronics,1,500,500,2023,November,Saturday
785,CUST785,Female,31,Beauty,4,50,200,2023,March,Friday
786,CUST786,Male,48,Clothing,4,25,100,2023,October,Tuesday
787,CUST787,Male,41,Electronics,1,25,25,2023,January,Sunday
788,CUST788,Female,52,Beauty,3,300,900,2023,June,Tuesday
789,CUST789,Female,61,Clothing,4,500,2000,2023,September,Saturday
790,CUST790,Male,62,Clothing,1,25,25,2023,August,Tuesday
791,CUST791,Female,51,Beauty,1,25,25,2023,December,Tuesday
792,CUST792,Female,20,Beauty,1,50,50,2023,July,Sunday
793,CUST793,Male,54,Beauty,1,30,30,2023,February,Sunday
794,CUST794,Female,60,Beauty,1,300,300,2023,September,Sunday
795,CUST795,Male,57,Electronics,1,300,300,2023,November,Tuesday
796,CUST796,Male,43,Beauty,4,30,120,2023,June,Saturday
797,CUST797,Male,40,Clothing,3,25,75,2023,January,Saturday
798,CUST798,Male,61,Clothing,1,50,50,2023,August,Friday
799,CUST799,Male,56,Electronics,2,50,100,2023,September,Friday
800,CUST800,Male,32,Clothing,4,300,1200,2023,February,Friday
801,CUST801,Male,21,Clothing,4,50,200,2023,August,Thursday
802,CUST802,Female,46,Beauty,1,30,30,2023,July,Wednesday
803,CUST803,Male,39,Clothing,4,25,100,2023,November,Wednesday
804,CUST804,Male,42,Electronics,1,30,30,2023,August,Thursday
805,CUST805,Female,30,Beauty,3,500,1500,2023,December,Friday
806,CUST806,Female,35,Beauty,3,300,900,2023,March,Monday
807,CUST807,Female,50,Electronics,4,50,200,2023,August,Friday
808,CUST808,Male,33,Beauty,4,500,2000,2023,April,Saturday
809,CUST809,Female,62,Beauty,2,50,100,2023,September,Monday
810,CUST810,Male,59,Electronics,4,25,100,2023,November,Thursday
811,CUST811,Male,61,Beauty,2,25,50,2023,May,Friday
812,CUST812,Male,19,Electronics,3,25,75,2023,November,Sunday
813,CUST813,Male,52,Electronics,3,50,150,2023,October,Tuesday
814,CUST814,Female,59,Clothing,1,500,500,2023,September,Tuesday
815,CUST815,Female,51,Clothing,3,25,75,2023,August,Sunday
816,CUST816,Male,47,Beauty,2,500,1000,2023,August,Saturday
817,CUST817,Male,30,Beauty,4,50,200,2023,October,Tuesday
818,CUST818,Male,30,Electronics,1,500,500,2023,May,Thursday
819,CUST819,Female,35,Beauty,2,50,100,2023,June,Thursday
820,CUST820,Male,49,Electronics,4,50,200,2023,May,Saturday
821,CUST821,Male,49,Electronics,1,300,300,2023,February,Tuesday
822,CUST822,Female,52,Beauty,3,50,150,2023,May,Tuesday
823,CUST823,Female,56,Electronics,2,50,100,2023,August,Saturday
824,CUST824,Male,63,Clothing,4,30,120,2023,May,Friday
825,CUST825,Female,46,Beauty,1,25,25,2023,August,Saturday
826,CUST826,Female,46,Clothing,1,300,300,2023,October,Thursday
827,CUST827,Male,61,Beauty,3,300,900,2023,November,Thursday
828,CUST828,Female,33,Electronics,4,300,1200,2023,December,Saturday
829,CUST829,Male,61,Beauty,3,30,90,2023,July,Friday
830,CUST830,Female,64,Clothing,3,50,150,2023,June,Thursday
831,CUST831,Male,27,Electronics,4,25,100,2023,January,Sunday
832,CUST832,Male,47,Beauty,4,500,2000,2023,September,Monday
833,CUST833,Male,42,Beauty,4,50,200,2023,June,Friday
834,CUST834,Female,56,Beauty,2,30,60,2023,April,Tuesday
835,CUST835,Male,37,Clothing,4,50,200,2023,September,Thursday
836,CUST836,Female,22,Clothing,1,50,50,2023,April,Wednesday
837,CUST837,Male,18,Beauty,3,30,90,2023,July,Saturday
838,CUST838,Male,47,Electronics,2,300,600,2023,May,Saturday
839,CUST839,Female,20,Electronics,4,300,1200,2023,June,Saturday
840,CUST840,Male,62,Clothing,2,25,50,2023,May,Wednesday
841,CUST841,Male,31,Electronics,4,25,100,2023,November,Thursday
842,CUST842,Female,47,Clothing,2,300,600,2023,December,Tuesday
843,CUST843,Male,21,Beauty,3,500,1500,2023,May,Monday
844,CUST844,Male,35,Clothing,3,50,150,2023,October,Thursday
845,CUST845,Male,54,Clothing,1,500,500,2023,January,Friday
846,CUST846,Male,42,Beauty,1,50,50,2023,September,Friday
847,CUST847,Female,18,Electronics,4,300,1200,2023,April,Saturday
848,CUST848,Female,63,Clothing,3,25,75,2023,February,Monday
849,CUST849,Male,32,Clothing,2,25,50,2023,May,Thursday
850,CUST850,Female,26,Beauty,2,500,1000,2023,July,Friday
851,CUST851,Male,32,Electronics,2,25,50,2023,September,Friday
852,CUST852,Female,41,Clothing,1,300,300,2023,October,Thursday
853,CUST853,Male,21,Beauty,2,500,1000,2023,May,Thursday
854,CUST854,Male,29,Clothing,1,50,50,2023,December,Wednesday
855,CUST855,Male,54,Beauty,1,25,25,2023,September,Friday
856,CUST856,Male,54,Electronics,4,30,120,2023,November,Monday
857,CUST857,Male,60,Electronics,2,25,50,2023,December,Sunday
858,CUST858,Male,23,Electronics,2,50,100,2023,September,Saturday
859,CUST859,Female,56,Electronics,3,500,1500,2023,August,Friday
860,CUST860,Male,63,Clothing,4,50,200,2023,January,Monday
861,CUST861,Female,41,Clothing,3,30,90,2023,February,Friday
862,CUST862,Male,28,Electronics,4,300,1200,2023,May,Wednesday
863,CUST863,Female,30,Electronics,2,25,50,2023,April,Monday
864,CUST864,Female,51,Electronics,1,500,500,2023,July,Thursday
865,CUST865,Female,42,Clothing,1,300,300,2023,December,Thursday
866,CUST866,Male,24,Electronics,1,50,50,2023,May,Friday
867,CUST867,Male,21,Electronics,1,500,500,2023,June,Tuesday
868,CUST868,Female,25,Electronics,1,300,300,2023,December,Wednesday
869,CUST869,Male,37,Beauty,3,500,1500,2023,October,Wednesday
870,CUST870,Female,46,Electronics,4,30,120,2023,July,Saturday
871,CUST871,Male,62,Beauty,2,30,60,2023,August,Thursday
872,CUST872,Female,63,Beauty,3,25,75,2023,October,Wednesday
873,CUST873,Female,27,Electronics,4,25,100,2023,September,Friday
874,CUST874,Male,60,Beauty,1,30,30,2023,June,Monday
875,CUST875,Female,51,Electronics,4,500,2000,2023,August,Sunday
876,CUST876,Male,43,Clothing,4,30,120,2023,October,Monday
877,CUST877,Female,58,Clothing,1,25,25,2023,June,Monday
878,CUST878,Female,20,Clothing,1,30,30,2023,June,Friday
879,CUST879,Male,23,Clothing,1,30,30,2023,December,Tuesday
880,CUST880,Male,22,Beauty,2,500,1000,2023,August,Monday
881,CUST881,Male,22,Electronics,1,300,300,2023,May,Friday
882,CUST882,Female,64,Electronics,2,25,50,2023,June,Tuesday
883,CUST883,Male,40,Electronics,1,500,500,2023,May,Tuesday
884,CUST884,Female,26,Clothing,2,30,60,2023,April,Saturday
885,CUST885,Female,52,Clothing,4,30,120,2023,March,Friday
886,CUST886,Male,37,Electronics,3,300,900,2023,April,Sunday
887,CUST887,Male,59,Clothing,4,25,100,2023,June,Sunday
888,CUST888,Female,52,Electronics,4,25,100,2023,March,Friday
889,CUST889,Female,35,Electronics,1,50,50,2023,October,Monday
890,CUST890,Male,34,Electronics,2,25,50,2023,December,Wednesday
891,CUST891,Male,41,Electronics,3,300,900,2023,April,Wednesday
892,CUST892,Male,20,Electronics,1,50,50,2023,April,Sunday
893,CUST893,Male,49,Electronics,1,50,50,2023,April,Friday
894,CUST894,Male,52,Electronics,1,30,30,2023,September,Tuesday
895,CUST895,Female,55,Clothing,4,30,120,2023,May,Monday
896,CUST896,Female,30,Electronics,2,25,50,2023,October,Sunday
897,CUST897,Female,64,Electronics,2,50,100,2023,September,Tuesday
898,CUST898,Female,42,Clothing,3,30,90,2023,November,Thursday
899,CUST899,Male,26,Clothing,2,300,600,2023,May,Thursday
900,CUST900,Male,21,Clothing,2,30,60,2023,February,Tuesday
901,CUST901,Male,31,Electronics,1,30,30,2023,April,Monday
902,CUST902,Female,54,Beauty,1,50,50,2023,June,Thursday
903,CUST903,Female,51,Beauty,4,50,200,2023,April,Thursday
904,CUST904,Male,28,Clothing,1,500,500,2023,July,Tuesday
905,CUST905,Male,58,Beauty,1,300,300,2023,April,Sunday
906,CUST906,Female,20,Clothing,1,50,50,2023,June,Sunday
907,CUST907,Female,45,Electronics,1,25,25,2023,January,Sunday
908,CUST908,Male,46,Beauty,4,300,1200,2023,December,Friday
909,CUST909,Male,26,Electronics,1,300,300,2023,October,Sunday
910,CUST910,Female,20,Beauty,3,50,150,2023,March,Monday
911,CUST911,Male,42,Electronics,3,300,900,2023,May,Sunday
912,CUST912,Male,51,Beauty,3,50,150,2023,January,Tuesday
913,CUST913,Male,29,Electronics,3,30,90,2023,January,Saturday
914,CUST914,Female,59,Electronics,1,500,500,2023,October,Wednesday
915,CUST915,Female,26,Beauty,3,30,90,2023,May,Tuesday
916,CUST916,Female,32,Electronics,1,50,50,2023,December,Sunday
917,CUST917,Female,57,Electronics,4,50,200,2023,March,Monday
918,CUST918,Female,42,Electronics,3,30,90,2023,November,Thursday
919,CUST919,Female,22,Beauty,2,25,50,2023,September,Saturday
920,CUST920,Female,28,Beauty,3,25,75,2023,February,Wednesday
921,CUST921,Male,51,Electronics,3,25,75,2023,January,Saturday
922,CUST922,Male,41,Electronics,1,50,50,2023,October,Saturday
923,CUST923,Male,32,Beauty,3,300,900,2023,May,Friday
924,CUST924,Male,55,Beauty,2,50,100,2023,August,Tuesday
925,CUST925,Male,25,Electronics,1,300,300,2023,September,Sunday
926,CUST926,Male,22,Electronics,1,30,30,2023,August,Monday
927,CUST927,Male,43,Electronics,4,500,2000,2023,June,Saturday
928,CUST928,Female,35,Clothing,4,300,1200,2023,April,Wednesday
929,CUST929,Female,23,Beauty,3,25,75,2023,January,Friday
930,CUST930,Male,54,Clothing,4,50,200,2023,May,Wednesday
931,CUST931,Male,30,Beauty,4,30,120,2023,September,Saturday
932,CUST932,Female,45,Beauty,4,25,100,2023,February,Tuesday
933,CUST933,Male,22,Beauty,1,30,30,2023,February,Friday
934,CUST934,Male,30,Beauty,1,500,500,2023,July,Tuesday
935,CUST935,Female,34,Beauty,1,50,50,2023,September,Saturday
936,CUST936,Male,57,Beauty,4,50,200,2023,February,Tuesday
937,CUST937,Female,62,Beauty,1,500,500,2023,October,Monday
938,CUST938,Male,49,Clothing,4,50,200,2023,November,Sunday
939,CUST939,Female,46,Electronics,1,300,300,2023,December,Monday
940,CUST940,Female,20,Electronics,1,30,30,2023,January,Saturday
941,CUST941,Female,57,Clothing,2,25,50,2023,March,Sunday
942,CUST942,Male,51,Clothing,3,500,1500,2023,March,Saturday
943,CUST943,Female,57,Clothing,4,300,1200,2023,October,Monday
944,CUST944,Male,44,Clothing,2,25,50,2023,June,Monday
945,CUST945,Male,30,Beauty,1,25,25,2023,February,Monday
946,CUST946,Male,62,Electronics,4,500,2000,2023,May,Monday
947,CUST947,Male,50,Beauty,1,300,300,2023,March,Thursday
948,CUST948,Female,23,Electronics,3,25,75,2023,October,Friday
949,CUST949,Female,41,Electronics,2,25,50,2023,August,Wednesday
950,CUST950,Male,36,Clothing,3,300,900,2023,November,Tuesday
951,CUST951,Male,33,Beauty,2,50,100,2023,November,Thursday
952,CUST952,Female,57,Clothing,1,25,25,2023,November,Monday
953,CUST953,Male,45,Beauty,3,30,90,2023,April,Wednesday
954,CUST954,Female,50,Electronics,3,300,900,2023,September,Monday
955,CUST955,Male,58,Clothing,1,25,25,2023,July,Friday
956,CUST956,Male,30,Clothing,3,500,1500,2023,August,Saturday
957,CUST957,Female,60,Electronics,4,30,120,2023,August,Tuesday
958,CUST958,Male,62,Electronics,2,25,50,2023,June,Friday
959,CUST959,Female,42,Electronics,2,30,60,2023,October,Sunday
960,CUST960,Male,59,Clothing,2,30,60,2023,August,Tuesday
961,CUST961,Male,53,Beauty,4,50,200,2023,June,Tuesday
962,CUST962,Male,44,Clothing,2,30,60,2023,October,Thursday
963,CUST963,Female,55,Beauty,1,50,50,2023,November,Tuesday
964,CUST964,Male,24,Clothing,3,300,900,2023,January,Tuesday
965,CUST965,Male,22,Clothing,4,50,200,2023,November,Thursday
966,CUST966,Male,60,Electronics,2,500,1000,2023,February,Monday
967,CUST967,Male,62,Beauty,1,25,25,2023,April,Monday
968,CUST968,Female,48,Clothing,3,300,900,2023,November,Friday
969,CUST969,Female,40,Clothing,3,300,900,2023,April,Wednesday
970,CUST970,Male,59,Electronics,4,500,2000,2023,May,Tuesday
971,CUST971,Female,27,Electronics,4,50,200,2023,December,Tuesday
972,CUST972,Male,49,Beauty,4,25,100,2023,February,Saturday
973,CUST973,Male,60,Clothing,1,50,50,2023,March,Wednesday
974,CUST974,Male,47,Beauty,1,30,30,2023,May,Wednesday
975,CUST975,Female,56,Clothing,4,50,200,2023,March,Thursday
976,CUST976,Female,48,Beauty,2,300,600,2023,October,Tuesday
977,CUST977,Female,35,Electronics,3,25,75,2023,February,Wednesday
978,CUST978,Female,53,Clothing,3,50,150,2023,March,Wednesday
979,CUST979,Female,19,Beauty,1,25,25,2023,January,Monday
980,CUST980,Female,31,Electronics,3,25,75,2023,July,Saturday
981,CUST981,Female,30,Electronics,2,30,60,2023,August,Saturday
982,CUST982,Female,46,Beauty,3,30,90,2023,December,Tuesday
983,CUST983,Female,29,Clothing,1,300,300,2023,November,Wednesday
984,CUST984,Male,56,Clothing,1,500,500,2023,August,Tuesday
985,CUST985,Female,19,Electronics,2,25,50,2023,May,Tuesday
986,CUST986,Female,49,Clothing,2,500,1000,2023,January,Tuesday
987,CUST987,Female,30,Clothing,3,300,900,2023,April,Saturday
988,CUST988,Female,63,Clothing,3,25,75,2023,May,Sunday
989,CUST989,Female,44,Electronics,1,25,25,2023,December,Thursday
990,CUST990,Female,58,Beauty,2,500,1000,2023,May,Thursday
991,CUST991,Female,34,Clothing,2,50,100,2023,December,Tuesday
992,CUST992,Female,57,Electronics,2,30,60,2023,August,Monday
993,CUST993,Female,48,Electronics,3,50,150,2023,February,Monday
994,CUST994,Female,51,Beauty,2,500,1000,2023,December,Monday
995,CUST995,Female,41,Clothing,1,30,30,2023,April,Sunday
996,CUST996,Male,62,Clothing,1,50,50,2023,May,Tuesday
997,CUST997,Male,52,Beauty,3,30,90,2023,November,Friday
998,CUST998,Female,23,Beauty,4,25,100,2023,October,Sunday
999,CUST999,Female,36,Electronics,3,50,150,2023,December,Tuesday
1000,CUST1000,Male,47,Electronics,4,30,120,2023,April,Wednesday
